"","f1","f2","f3","f4","f5","f6","f7","f8","f9","f10","f11","f12","f13"
"N095001",35983.931510898,35991.1071943429,36025.9861199388,36084.0912142156,36161.6518516949,36254.9090220419,36360.5305064557,36475.6793521355,36597.9831470028,36725.4768332294,36856.5427377194,36989.8555483096,37135.6620173763
"N095002",3545.73417165063,3558.36729778587,3568.81198277609,3578.15701955875,3587.99449784674,3598.07096547198,3608.48337018605,3619.25628286317,3630.37845674818,3641.82079088906,3653.54576782132,3665.51262505453,3677.68025053471
"N095003",9802.71373816939,9950.55827912903,9928.00204177165,9763.35788438212,9754.30014663753,10022.4829448478,10070.8030027245,9925.72787586269,9854.89173338712,10103.5636953426,10123.3509345868,10024.5770565491,9884.57890225983
"N095004",2789.66411981006,2898.57576681293,3023.5906827763,3308.15682361614,3366.96727446777,3596.50439895466,3390.12241553175,4436.51411956953,4022.33407703101,4111.6700233048,4468.07856206729,5076.73045228796,6052.76255540967
"N095005",2368.1098409942,2373.28798729994,2660.23075789896,2873.23133970832,2718.48734969179,3139.33994478984,3679.76202436442,3690.02256962316,3317.51533255077,2732.9601829533,2417.40086631207,2287.88183922627,2222.0243587829
"N095006",831.048571683036,921.028591743169,869.406309411577,1033.46924645921,1049.42644515042,1292.90344264226,1152.66257176672,1346.47314395144,2089.84976973059,1947.05608745273,1696.64256718714,1366.91855355537,1125.27198081903
"N095007",4654.34721489322,3912.94729006923,4037.45431980283,2712.60244900243,6724.70014815818,4489.12154911168,4460.59529960921,3167.33426628247,9277.13932772382,11571.891730063,5241.69409103582,3599.66163931049,3979.91137271112
"N095008",5722.11206194965,7043.91927711205,8805.00685099225,8353.77230211452,10627.0118851674,9341.67854537816,8347.86142831865,7173.8126371604,8810.1293449073,10008.9684141567,6976.08854019742,5615.4653546845,5257.1099254103
"N095009",10516.8851678473,10520.2346977497,11550.9543529268,11209.3320088687,12517.9575600585,11135.9319384123,11029.6452769908,12704.1869259712,12960.2604888257,13391.2073548802,11453.5867508875,10380.603181293,10168.0996679007
"N095010",5684.03093376443,5908.61747453341,6090.62365253819,6251.00410781681,6392.92841292131,6526.94664144349,6652.62726565457,6773.73376908759,6885.98533114249,6994.05647274659,7103.47897917526,7209.16581776651,7303.74639321592
"N095011",530.261585444531,609.281741607645,641.325188073134,762.315367767888,750.6623635198,911.677348054043,856.794098941942,918.167542625783,935.714562795741,1079.68645247574,1206.12499410202,1190.96619861488,1209.74185026739
"N095012",1083.71515460373,1090.49432140235,1094.9100974083,1097.71388468376,1100.43259917773,1100.27484709368,1099.47322956449,1097.5719052885,1121.41550743563,1116.3986549203,1113.96889572428,1122.3395931879,1122.57015412302
"N095013",2609.19445411334,2653.87483263546,2688.8942637388,2718.49571411504,2744.4244119403,2768.59282778561,2791.8116134305,2812.46409994007,2831.75916727025,2851.11870211544,2869.57805779982,2885.89059432153,2902.78889093671
"N095014",2566.3171829458,2609.96338433024,2644.89839487357,2675.48652794195,2702.61843368339,2728.17814908806,2751.80741081404,2773.84568320071,2794.53525634688,2815.3956617608,2833.95253053807,2853.05352568181,2869.91518016794
"N095015",5703.5624777776,6024.42348730473,6243.0860610877,6079.227463173,6057.52137379719,6335.49372332911,6308.33785026893,6278.69099118739,6275.84421356725,6610.84522486601,7070.55833083048,7889.27555137257,6726.83293758674
"N095016",5724.79649585985,6052.71686176246,6279.94093962081,6120.90452959316,6102.11353433605,6382.03380209125,6357.99747190365,6325.77811715016,6432.77777094643,6896.87889307722,7149.10543392179,7967.90813926001,6800.87058347573
"N095017",12294.0519206583,12410.6680207302,12523.4360866124,12636.331963955,12751.0828225222,12868.3998477191,12985.0454338664,13107.7683283175,13233.4737156046,13357.2654525599,13488.343931807,13616.4529711248,13746.3488413564
"N095018",4460.34874284935,4506.229328948,4549.05369021243,4591.15346951874,4634.4645545486,4677.10314850282,4721.80470249028,4765.75967187809,4810.3692332796,4857.67728091405,4903.776166899,4950.51373263841,4997.86528005009
"N095019",3809.92172831991,4737.85980122376,3604.06394300648,4164.75608052289,3504.1971677763,5657.80372382936,4699.89568257505,4955.91971927038,5449.23954216964,11540.8362266826,13024.0440574775,7841.58452307364,5637.74925647477
"N095020",4731.6315263766,5023.54887544572,4688.62051051433,4901.96094079995,3890.47489223588,4792.58151839758,5076.50595802598,4858.89224704056,3945.13531480214,3912.76516328554,6159.96026568855,6193.65564696766,5561.12916102132
"N095021",3410.18623861817,3238.94777443746,3122.31586797839,3781.15452147247,4224.35654517917,3722.9626285197,3191.99686127548,3846.29887939149,4910.69617208375,4795.95257927705,4869.49575560839,3236.42552004231,2611.04434534125
"N095022",4710.49576627797,5108.31476282515,5264.28514621241,5579.37867111008,5309.51222323671,6020.65482553997,6028.44918439544,6110.57602349323,5542.43039554327,6881.21732266397,7202.89642026627,6278.57397502898,5718.02295442669
"N095023",963.654688334276,994.545625893755,985.676856913691,937.795999128544,604.496855780919,987.593763935873,934.043484555342,918.566287017862,503.848922027504,940.949311728694,1477.05103772539,1260.07494229246,1042.42922926178
"N095024",8758.77907385843,11120.6656509469,9171.72289949401,9441.94112971629,8385.39437199005,19242.4325279548,11477.6388234293,10977.828836258,10411.0502778034,30134.7830248076,32965.829188902,18004.2751611746,10843.838954927
"N095025",1986.62120039083,2354.96679386079,2618.69228651504,2976.37004637275,3281.96845319583,3665.8552159432,3337.59624268488,3305.96337682636,3542.5130461868,3755.89329419961,3761.55150749822,3367.30930590977,2852.92516537696
"N095026",4776.42245712027,5457.22017436981,5572.09235641069,7318.18834204479,7165.27455247404,8559.73594283668,9009.56024164989,10954.891902222,11771.8032025937,13644.7191687369,19952.1752133931,10444.2220459969,9497.46763351318
"N095027",3498.83334504636,3459.20101354681,3749.12492128874,4467.62752949812,4564.26972893598,5021.78706696563,5646.40895477721,5521.52502305127,4957.66498742451,4768.84820252676,4521.90545446031,3911.68021040966,3704.83212940464
"N095028",6493.82825406832,6132.17438553272,6605.74045297899,7704.28128529057,9655.55443280324,8436.49065802458,8395.22701874204,13629.1168027824,20250.5625252471,17167.1971104851,13746.1633234533,8321.46550917198,7654.8597674057
"N095029",1292.5137217442,1531.99904752255,1360.4565864957,1426.26537247275,1384.39939953417,2053.45196842537,1779.34296804739,1709.29093365676,1465.91065987211,2243.60329213081,2932.55030184106,1841.62790954896,1432.75953668455
"N095030",4994.60721211619,5362.0208928129,4741.41953743117,5282.77051209504,5463.61714061525,6288.73602712969,5706.21717350523,6623.1719248449,9805.28821418201,7729.5812598135,9239.14545248143,6725.21045440651,5924.67421232679
"N095031",1148.00799036331,1312.39425980893,1491.58395609814,1778.12533904968,2152.43665270775,2502.69159501557,2238.61052642837,2870.47631814628,3118.85932463476,2841.57992816769,2585.68767863481,1882.33596834441,1732.74163317881
"N095032",6424.98361160023,6251.20850506864,7224.17461095909,7162.78432537177,9239.63207240109,7900.23651075916,7838.99539845729,8983.7152274395,10460.4916676247,10187.8465495632,9775.48453715834,8104.92110629699,8028.92085010297
"N095033",2243.81920319029,2138.27572180647,2509.83713269818,2586.05611344756,3930.38513436089,2750.98489009684,2780.86234619091,3588.75775434259,4799.1815648815,5051.89288948789,3184.31679810098,2494.31118948409,2876.33959711477
"N095034",2242.39663824321,2147.20051632918,2356.59112224549,2065.00508835397,3114.43816146398,2715.05097023816,2891.34957698297,2300.94944349962,2652.90350640564,3926.54958518382,2635.63163187395,2154.97676811057,2200.3993830079
"N095035",1889.78401099867,1799.66602081789,2007.70168177606,1546.28204970178,3490.8274370606,3192.38411421961,2302.71912667187,1793.34505205813,1729.23185679812,4309.32756282045,3515.55876073944,2316.31166424332,2546.72094325828
"N095036",22033.9418092938,20464.4342534292,20177.4437337817,21856.2931892412,20238.467216596,19138.0369882666,20924.3967301929,23940.8604468023,27292.0328963301,25510.2621079302,22583.6133659913,23787.5869965085,28811.0520539238
"N095037",2945.81213826866,2970.22002113569,2995.09700340921,3000.1505156939,3032.7262501708,3051.10814844932,3057.59368645788,3063.72429066387,3071.39726876662,3082.31060125856,3097.78193013882,3086.27213282069,3098.63617736745
"N095038",3159.76897624192,3202.03133179219,3225.37254584519,3265.98326049622,3283.67334906168,3312.3918520468,3308.89661732203,3311.57744215766,3334.65181141612,3347.19403004643,3357.16735678724,3353.26714919017,3360.9843862904
"N095039",5949.25047368429,5999.71966246968,6045.92998948044,6088.90233493051,6128.17000586802,6165.9363863747,6201.55109869505,6236.58616973067,6268.54742183373,6298.85130925605,6329.33990498008,6356.81905107376,6384.90390501669
"N095040",5941.04481666748,5992.64821769081,6038.36912254427,6081.35478146804,6121.73339640849,6159.85378985277,6195.94311294214,6230.17532146875,6262.69671974307,6295.22026554392,6324.79853790556,6353.01330385932,6381.8455660723
"N095041",6379.29880066214,6454.19684088077,6512.21810994158,6561.15962021582,6605.51986644209,6645.94599672607,6681.35424741181,6716.07945756165,6748.63816947586,6779.60321180479,6808.94766198061,6839.5182747336,6866.50932167948
"N095042",6391.33085154663,6467.7109888677,6527.60155810526,6577.53609896681,6623.66045899138,6663.2013373478,6701.94416561033,6737.38722222014,6769.47285020185,6800.97665170296,6831.78496101936,6860.46829683725,6888.79820441172
"N095043",6383.61375144409,6458.62192882818,6516.04876744663,6566.5398396277,6610.05198576584,6649.53395625143,6687.08142032074,6721.23981695414,6753.88877460973,6785.7983384081,6813.36330423994,6842.25922347189,6870.00232967659
"N095044",5936.50843787758,5989.74562753603,6036.0080372012,6079.27474840264,6119.97484903986,6158.57885551896,6195.35813868739,6230.49265452861,6265.57366046011,6297.90134305353,6328.91086608299,6360.4592573701,6389.16377950525
"N095045",3006.46127825868,3036.54046002713,3059.9738519137,3080.18842439074,3098.03027671886,3114.14418410113,3129.64078661071,3143.3805974738,3157.03188197873,3169.13303673802,3181.46315408223,3193.27650396266,3203.64676010416
"N095046",3382.02805758144,3422.85354496392,3455.50185681453,3483.15209169253,3507.49839682932,3530.3333560339,3551.39156963493,3571.00687860886,3589.41473229907,3606.78881867508,3624.52511366757,3640.25723047171,3656.64721136569
"N095047",3005.03252302146,3035.11184866168,3058.54073572164,3078.74969329669,3096.58585687943,3112.69421023472,3128.18505043026,3141.91970489974,3155.56560311576,3167.66200484355,3179.98708527779,3191.79554896378,3202.16157112353
"N095048",3068.18430558533,3099.27405686164,3123.45706804054,3144.30578338877,3162.70367841068,3179.3185478295,3195.29413620128,3209.46127923037,3222.69322374025,3236.01390563633,3248.72674862547,3259.93495402325,3271.60400787185
"N095049",3333.76465700114,3373.73787885216,3405.935336886,3432.90132521089,3457.15363194242,3479.26602130876,3500.09959942229,3519.4614049501,3537.71334746567,3554.95897387343,3572.36094146156,3587.48169066989,3602.70422290437
"N095050",3335.373565376,3375.25476688368,3407.15383944872,3434.64204278396,3458.79006782789,3481.2576933879,3501.97724520423,3521.27699769386,3539.38851718193,3556.48265134374,3573.93394139463,3589.97551227628,3605.5381653527
"N095051",6714.61120341878,6779.64293921169,6829.37805370938,6872.07791861781,6909.65648812852,6944.92560888724,6976.03152450447,7006.43333028305,7033.37248007276,7059.54182513772,7084.762046198,7109.19860612608,7132.93768258681
"N095052",7244.71002954032,7325.787213474,7388.19910494706,7440.11466340359,7487.86881010374,7530.72579524839,7569.9206531535,7606.69535177828,7642.30924575763,7675.06541378318,7706.60234359276,7736.33942508362,7765.21503275408
"N095053",2248.8165666636,2400.55417640031,2525.82592940565,2635.11342832727,2735.86160458112,2834.76186269166,2920.79474854426,3010.99820300904,3091.96514256549,3175.57829322974,3252.95574456024,3328.59103470177,3411.09497037741
"N095054",2534.22053805548,2552.72917219999,2568.87223705289,2582.1016135757,2595.12727084952,2606.54543593024,2618.29291367571,2629.7185891779,2642.3552625368,2653.4198469062,2664.10989629097,2674.05719033002,2685.03521602007
"N095055",5406.75462010388,5570.01870698472,5698.86169875224,5810.94770500859,5910.25000590493,6002.84675559097,6088.77409882182,6170.49013198527,6247.19741557802,6321.00203914311,6394.10210528518,6462.39843231221,6527.30647382062
"N095056",3102.66554676526,3219.64340045949,3334.02814276274,3450.86030001604,3571.66639789643,3692.9506305588,3816.22166639443,3933.66473148286,4041.23445950353,4150.76606202045,4251.72379906849,4342.33275592261,4415.49775844747
"N095057",2096.70677684818,2031.40019668634,1972.53109089941,1920.7280310909,1874.3398859585,1834.87982740785,1797.80870472077,1764.90994351886,1740.67033417884,1732.25878161993,1732.09350801973,1733.54831354852,1741.59793405376
"N095058",3666.00448778082,3940.75949225378,3958.43454360076,4088.01430398439,4150.3083182453,4210.76227250594,4224.89982918623,4249.57136808689,4265.54365045306,4279.44392120647,4283.93426063425,4289.284830683,4293.05983929013
"N095059",2902.69948420612,2711.12118410806,2937.47449244342,2987.5912680608,2761.23693998414,2669.9434001736,2840.13744134716,2755.9922950232,2657.78425160909,2635.90013093892,2558.0493384958,2288.04813254518,2175.311861794
"N095060",9155.58413275277,9227.90547349552,9283.3131831422,9329.95256750888,9370.02204552196,9406.60959109261,9439.05850792792,9471.1571019383,9499.85521297109,9526.60248912131,9551.85904639485,9575.82299807922,9600.78382220574
"N095061",10349.94725471,11729.8792579123,11757.4327325754,10801.3604994345,10826.1142743182,11282.3263007478,11303.2329591329,11498.3258849731,11518.0204505398,10858.6885075828,10876.3985165305,11269.4835088491,11285.9574978419
"N095062",7353.75459932049,7284.98400834328,7323.63243951982,7343.06519579185,7368.52884956135,7462.25879959263,7488.93879501351,7608.83616146521,7629.95677041647,7897.54365823836,7915.19527139284,7991.56368850296,8006.80275242615
"N095063",6149.54051803781,6306.90122571825,6313.75212719981,6119.72679134278,6122.60393174,6299.34692752945,6306.64554648676,6442.25009147494,6445.93458491724,6558.92214762179,6560.55178813201,6739.54351932746,6743.97497184074
"N095064",14208.3343326677,13178.773452184,14050.7432590755,15304.8916980413,16119.6136037071,13863.3885320973,13903.1854566921,14856.44374076,15804.4313983911,13828.0287392304,14283.5909913565,15774.449262189,17031.741455072
"N095065",19490.0472753911,18320.5969257916,19313.4277336182,20690.2093707976,21551.1440103102,18980.9220446906,19028.8970828523,20128.872326306,21263.7509408173,19181.6995186207,19651.3368048096,21330.155864923,22761.3044754155
"N095066",7709.38806733324,7851.52304904792,7793.68779536722,7651.32789708897,7726.06015572105,8048.61189660404,8077.56692094223,7918.83764486266,7897.58543792864,8201.67405393397,8237.28902189105,8121.34644413333,8026.51157320993
"N095067",13557.2120479124,13656.2049387715,13742.9928376322,13825.2986407333,13904.4988190776,13981.6566020559,14055.6206031783,14130.0901002463,14203.732863085,14276.7147717827,14349.1531033465,14421.1328076194,14492.7165670239
"N095068",6960.07113249549,6984.28640713229,7009.44576786941,7032.43781086957,7056.79748167863,7084.41106256803,7112.81809140833,7143.20440390646,7174.27475175955,7206.22471325527,7239.1161557821,7272.10664734102,7305.55978959758
"N095069",7017.83389567527,7055.39699397632,7085.44605337174,7111.22032597484,7134.79798536633,7159.73706176287,7181.87312622079,7203.6557587617,7226.89291767876,7248.70078880447,7270.65421510687,7292.84403219895,7315.34206245332
"N095070",2651.58751934261,2670.21566802013,2685.83801419474,2700.2139016882,2714.69051837967,2728.03244323702,2741.68058569532,2754.81546850661,2768.53350987586,2781.97047384063,2794.0692135639,2807.23311842399,2820.46051380556
"N095071",2035.80591492755,2071.92516411621,2097.56427819612,2118.73726087456,2135.67930684153,2151.75551533121,2166.56965367368,2180.82805431548,2190.77226555594,2199.98387941551,2212.30360631478,2220.296931646,2227.68903105991
"N095072",2041.8755389738,2089.4160932449,2126.47763245574,2159.76524118027,2188.13354131513,2213.67632235165,2236.78576187907,2263.10538929344,2281.1621176795,2305.91901797782,2322.98329982724,2342.03132087651,2363.18347481722
"N095073",2041.73380678279,2089.80705686342,2126.92270141861,2160.58907482702,2188.9553605118,2214.81083848271,2237.8981261815,2260.58848787314,2282.53069680649,2303.19631537352,2324.58792163497,2343.85862365126,2365.01100239873
"N095074",6693.14120052986,7043.75138326045,7329.46245585197,7583.51998232734,7809.60994910676,8030.74875232722,8227.51708840658,8421.12576104911,8611.74761234465,8792.34911002449,8963.73395985586,9137.59166146099,9304.44336152683
"N095075",26664.2463386685,27387.3085182269,28026.8387639629,28613.8772567937,29153.9554844066,29657.0514788115,30149.0489661744,30638.4286005516,31088.1740815456,31543.2585146138,31984.6990891469,32413.866861757,32831.870026235
"N095076",834.899227522291,1040.7103925278,1224.92412023795,1465.41756051368,1626.2697696486,985.811384077705,17238.2361191874,1516522.08696329,38797460.7715934,2063759428.00359,57803781796.9838,3441835307805.9,202993622808253
"N095077",5755.00195929461,6731.22775361228,7578.3050849958,8383.25688711156,9171.76424637329,9948.77568845619,10718.5309931385,11472.9058194789,12254.6857611721,13021.2384101259,13799.7194277078,14584.4641611902,15369.6471534154
"N095078",6114.37941098463,6957.04577309663,7736.14242139646,8480.10103524639,9198.03515853876,9917.64483515572,10629.9672632727,11348.4137071046,12080.1626113021,12799.2500143193,13509.8120615488,14247.6811139737,15041.9676698254
"N095079",1732.7405809162,1814.8556871665,1889.54997190981,2011.60095646757,2065.4553958365,2112.19714205389,2134.08050964404,2159.77052530948,2203.99800861036,2236.58135183992,2265.59766389713,2321.03110826367,2377.8383365792
"N095080",1723.41619492026,1831.27923728096,1987.88500118442,2062.0939087301,2123.93463513852,2156.0433988753,2174.28313009948,2231.64737727728,2260.60557819624,2291.15082810074,2344.92592475538,2404.08410987772,2475.91465054058
"N095081",26694.8504908059,27513.9394854627,28198.4681437278,28811.0406986951,29381.4882688454,29927.7432052488,30443.5704773424,30934.1780480659,31424.4836200747,31898.5092369632,32358.2327155265,32805.2039621682,33240.6629842595
"N095082",4514.67902145951,4567.27345619736,4618.70275638474,4669.06041596221,4718.06026458278,4766.73010032335,4812.50197979693,4857.99466033061,4901.87043659742,4944.11537870646,4984.74547399846,5023.79698391659,5061.31927485554
"N095083",6062.64307889695,6113.42920437775,6156.16583193918,6192.0304079068,6223.74102140079,6251.58801220593,6276.50642728069,6300.62792026592,6321.91187185333,6342.42812832965,6362.10375426435,6380.56931207003,6398.84691263412
"N095084",6064.95013272009,6099.98097373196,6155.87083070263,6208.33069476707,6243.62111164529,6279.29591436497,6298.45250125911,6341.57315931247,6360.74569795836,6396.64514900736,6422.24413059885,6470.61769347182,6482.46506589212
"N095085",17584.6480923448,17810.0048780877,18037.6740889665,18274.2139720608,18510.803790777,18748.392844903,18991.6897355049,19227.0760738149,19459.0328271193,19695.619794824,19928.7364109485,20157.7909056691,20371.0412432335
"N095086",17654.2509779798,17882.4803655701,18112.399275359,18350.4969446684,18588.0202591148,18826.4342518619,19070.8342888186,19307.5086116123,19549.4807662318,19780.1194688026,20016.1183369025,20248.6001945655,20477.1032623128
"N095087",1118.04106106821,1126.34298204034,1135.52373646244,1137.75875758097,1156.20511490536,1154.55772810637,1165.04661401211,1173.81514907168,1179.61516485633,1189.85282945749,1196.97924783043,1206.12801291312,1206.99116261013
"N095088",12314.0546741621,12389.0387945964,12456.4078788163,12516.3254221366,12573.5889673534,12627.6383966497,12679.1083476955,12728.4456474406,12775.9791466866,12821.9593146796,12869.1913289288,12912.7220953863,12955.176886811
"N095089",1294.86369863058,1310.81312231087,1324.2134815581,1336.13414058005,1347.50094813959,1357.56589708312,1368.03090248584,1377.15988126055,1385.73642421766,1395.40050510622,1402.82708804196,1411.65609005578,1418.82084662749
"N095090",1906.63062287661,1927.15111268934,1944.143244296,1959.00827954816,1972.83439721565,1985.61894439921,1998.10070315905,2009.42417861359,2020.17889213007,2031.06165986564,2040.92916961681,2051.09153263163,2060.96768107405
"N095091",20574.8975791725,20698.2109387883,20809.2348128915,20915.1622455634,21010.6221006447,21104.9519809743,21190.4531416499,21277.0102289064,21360.6601634854,21441.7948421079,21520.7272894408,21597.7122499254,21672.9603420453
"N095092",25794.9653523717,26037.2506626629,26436.9392091597,26854.9125221705,27161.0221931996,27694.0887143867,27776.4639661047,28320.5872360417,28225.3421292355,28196.8147927458,27898.2370539512,28023.7410183199,27416.0970169284
"N095093",1758.34869352251,1762.80622969187,1762.21252144079,1769.63355754898,1782.44081483198,1789.67219392657,1787.18194230591,1787.90373071306,1797.43684227619,1804.70537786912,1801.10624730461,1799.6207780096,1808.39414473034
"N095094",1918.80493563817,1960.61160653486,1990.29335994908,2013.61552099451,2035.87011312173,2053.97290316189,2079.2402725702,2100.44800819708,2110.75053980873,2130.28880813583,2166.29809547085,2217.57242621214,2209.50788873946
"N095095",1754.60193546552,1784.45862807285,1808.72783239199,1829.60007091795,1848.17285473979,1865.13548562705,1882.00035772625,1899.14658400759,1914.49155829674,1934.54558932742,1956.59723501601,1979.80451212579,1981.22880770273
"N095096",11525.3562208097,11588.3366975956,11519.8432179694,11578.9332154996,11680.7545670377,11717.8514707515,11688.6078135067,11731.8029992099,11780.8492445258,11838.3931183056,11857.2266805547,11866.725648416,11895.932052291
"N095097",580.099664784797,588.672761743716,571.676207016224,580.330857346015,579.313790226279,586.581138218819,567.906386857251,569.7192893824,565.764963491789,582.954946680163,578.590817384406,563.124618590861,554.047275781072
"N095098",678.036003593519,684.406943031465,690.519905397193,696.75601635431,702.304339080203,707.089088881128,711.848228866825,716.295991459379,720.960668847462,725.701426064901,730.029743521774,733.882053686734,738.823406539888
"N095099",15237.8289855235,15275.2958646987,15298.7733763957,15315.3271605294,15327.9530182203,15336.3474664912,15345.7538518035,15353.1169624978,15357.7535069011,15365.2344261911,15371.0537422485,15375.498478459,15382.2473756252
"N095100",11792.197094407,11850.8138212924,11903.3166191074,11953.3592560004,12000.2310734139,12042.2236178234,12084.3429567664,12124.7254642914,12163.624956398,12201.240267623,12237.7306076367,12273.2258070742,12307.8333895654
"N095101",9857.68641583559,9912.28772635543,9869.1215705767,9932.67402674449,10018.1188876513,10059.3136693095,10021.1788997768,10033.6428603412,10067.4313920945,10115.7663969192,10145.8605479679,10143.8020105099,10151.6514309671
"N095102",16387.7905956525,16496.1640584091,16594.7523126389,16682.9026060092,16767.6269945663,16847.8547200935,16924.445447436,16998.011937289,17069.0094117881,17137.7871579341,17204.6202203105,17269.7298417017,17333.2971825799
"N095103",4240.90740142962,4284.12384681816,4320.69943663083,4353.64255719193,4382.2750211605,4409.53523602321,4434.85829769027,4458.57503043832,4482.41832270224,4503.66066918621,4523.85754447961,4544.82999677411,4563.32097239912
"N095104",1043.88499796622,1046.77559076439,1048.70919673894,1049.78841818111,1050.55976971709,1051.26998379969,1051.58549939615,1051.65301007765,1051.71963305822,1051.92894245319,1051.55795339483,1051.4747709566,1051.33784748536
"N095105",9321.37490764353,9389.25660986829,9443.09676010827,9490.46969647477,9531.91511502946,9571.26438369976,9608.16305007086,9643.13475613349,9676.54297465811,9708.65215946919,9739.66180560342,9769.72678480041,9798.97016465993
"N095106",2176.33788177476,2182.69197635311,2184.21349975181,2193.39856186052,2206.87099338699,2214.5516956387,2212.55986883099,2214.60013496953,2225.0744923099,2232.64206625265,2228.80324307947,2228.12704874596,2236.846997014
"N095107",24267.7004812629,24427.3660284225,24566.1204873094,24690.2381875292,24808.8558004592,24922.0558324226,25031.2300498523,25137.2932241982,25240.8825104945,25342.4612669349,25442.3778975308,25540.9014273805,25638.2441354808
"N095108",16243.3355504772,16283.1833811228,16321.7066759528,16357.5436454795,16393.07998521,16426.36457498,16459.9082269591,16492.7074856087,16523.4759533563,16555.0132757454,16586.056512775,16615.10616829,16645.2630798367
"N095109",14483.1277185089,14519.9072834835,14555.5253838776,14589.6321970994,14621.4150434528,14653.2580334388,14683.0266005267,14713.2732928628,14742.9095478474,14770.5927903797,14799.1677974832,14827.3225338155,14853.5260283977
"N095110",7405.8760979594,7437.12273705092,7453.08953232427,7513.49916397429,7561.23288468681,7573.0609255475,7631.01675674578,7639.25065017993,7679.17518809725,7721.38224149334,7731.54090126567,7781.84183369502,7751.02653243524
"N095111",1091.58833506502,1100.01050751308,1106.4754275295,1104.94345706525,1120.24280404939,1123.35008617129,1130.94198749602,1133.7818993508,1139.34870956304,1144.48022955138,1150.09980849165,1156.79653679086,1149.3400501318
"N095112",9761.51307163061,9819.2152257818,9873.04392446534,9923.56858542567,9970.19177039249,10016.2486776915,10060.7783802612,10104.0484517595,10148.125219982,10189.52493324,10230.1386551479,10270.0650085817,10309.3848502875
"N095113",897.235061366258,937.662891143081,957.257321521651,986.748603965038,1013.24216186488,1036.1223466621,1040.13448029263,1063.23443148669,1087.54152055821,1111.3935661825,1124.56508322925,1141.49712961537,1159.54244676661
"N095114",10980.5661249768,11118.9955466246,11233.1192714959,11331.1754460443,11418.1846099278,11500.3121179341,11572.7248925703,11645.2665941657,11712.916390793,11772.9973572286,11834.4943174219,11893.5735314477,11950.4976898739
"N095115",11781.707859426,11861.1924544552,11930.9479442844,11993.721913162,12051.1341565798,12107.1584352079,12156.8642504162,12206.7887935038,12250.9526790199,12296.3675739354,12339.9929796382,12382.0181600888,12422.5993163559
"N095116",16395.8149378674,16482.5047852681,16601.0094048548,16900.6296371246,17089.6645127422,17398.3295508466,17401.8976596979,17845.1077206152,17768.1484996003,17876.9797240228,17605.145860492,17743.6588897737,17344.6934279004
"N095117",7387.20153241982,7525.34551011232,7632.61581714093,7722.40783001178,7805.79151508652,7878.56375989434,7948.01217425104,8012.58799597945,8076.65304422979,8133.81043560142,8187.87211477762,8243.33305651524,8296.66495403877
"N095118",1756.89328622918,1759.65555915729,1758.53114244966,1764.42341065401,1776.51168717055,1782.09141862282,1777.73147509869,1776.78884744221,1785.46130892761,1791.4580678425,1785.32175719066,1781.8251920238,1789.39821342598
"N095119",1099.48779635271,1119.43261025985,1135.61323981694,1150.48090384654,1164.15003498379,1176.28130949367,1188.54309242817,1199.46000052855,1209.86713043693,1219.94380542075,1229.66978818013,1239.72194294033,1248.39082158405
"N095120",964.194323448865,983.672772702039,998.353148494384,1013.30874417103,1026.10091643094,1037.99509783421,1049.37602624548,1061.12165737834,1071.64570904733,1083.84730139253,1098.13227753746,1114.77835406387,1116.31890854724
"N095121",10550.7536259281,10619.9974290728,10558.770603605,10627.3456740487,10728.9139740105,10771.3526377375,10735.7289729365,10788.8751952411,10842.1076258697,10897.5865995455,10914.4502488591,10910.8210060735,10952.9789596616
"N095122",413.542662995093,418.165737403038,421.62461097773,425.263772896179,429.387144126027,431.858446757604,435.699992724798,438.511683400869,442.031638011399,444.252737254513,448.114760993058,450.24329941051,453.00380502044
"N095123",530.558964273891,535.524929346403,540.611749006666,545.43066611168,549.009227304599,552.931319157821,557.485322959545,560.585314735136,564.565659642898,568.34715827931,571.951976511277,575.402654284762,578.714721737889
"N095124",8584.45921365033,8622.94454754108,8652.99754528804,8679.5984073555,8703.76484921777,8726.32403721769,8747.76365403028,8768.21342687807,8787.06704547374,8806.57611910218,8825.76121946555,8844.70770972055,8863.48170369769
"N095125",11274.3515932507,11333.4020180926,11388.6566951382,11437.8464320694,11485.9323140678,11531.5633758727,11575.1657422989,11614.3329814219,11654.6214361776,11693.638920673,11731.5394781916,11768.4492709388,11804.4731756378
"N095126",9574.16744761652,9618.23186577654,9575.91052767313,9633.98596873019,9713.83092025236,9748.19616583444,9712.10013541575,9735.19962408766,9774.82330623277,9821.32372549586,9848.24767390791,9839.20000736013,9852.44946801599
"N095127",11403.2353270274,11472.7613914531,11534.2031358925,11592.6405635221,11645.56610377,11697.6208209851,11747.405059566,11795.2755249111,11841.5023969446,11886.2962223666,11929.8249174867,11972.2249958349,12016.6234097241
"N095128",3733.26860228753,3779.5692136123,3817.62487867878,3851.50935056781,3883.01550800668,3910.75853138071,3937.66074547948,3961.48558708656,3985.2634731045,4007.83848562528,4029.35658893444,4049.93377493377,4071.46640654404
"N095129",1024.98320062713,1027.62044305748,1029.23830972919,1030.29197367699,1031.15374845329,1031.50763662597,1031.86098140786,1032.11260908293,1031.918675769,1032.08667837753,1032.00796140664,1031.61530083581,1031.42439393361
"N095130",8284.34194760531,8337.03315300878,8379.60421366375,8416.77212628237,8449.54553494701,8480.80200514591,8510.27091234682,8538.34284009267,8565.28847227404,8591.30444190314,8618.04168417601,8642.68486253838,8666.75036351046
"N095131",2175.42317144964,2181.57229069221,2183.37842547001,2192.17664302011,2206.00416373526,2213.51842571189,2211.55741474158,2213.60922953488,2223.97686336334,2231.43994820654,2227.49478122038,2226.81133186961,2235.52349460385
"N095132",22972.6641838376,23119.2936502365,23246.5063888793,23362.4724122548,23468.5025113006,23571.8992550409,23671.5434054318,23768.2880116411,23862.7271454643,23955.2926714797,24046.3091347519,24136.0269625888,24224.643595422
"N095133",14055.8841291416,14105.4200955372,14144.9954071897,14201.1225601839,14238.4638397817,14309.0485082204,14323.7777839053,14385.1143238392,14359.6531106471,14359.4701205575,14340.0627185164,14361.3988083897,14347.8674342172
"N095134",12284.6871358919,12341.8336677277,12373.0822154716,12434.7273129167,12466.6306734073,12540.45095385,12547.7511525945,12606.7041376662,12580.5498323158,12581.343465063,12567.8575776365,12592.1599321327,12579.9345556116
"N095135",6272.71557920679,6313.23355000428,6339.34197904966,6380.95244215109,6417.30054436574,6421.17833036534,6475.3018948622,6477.61433305476,6517.14203505792,6530.32651673947,6549.34210733281,6592.30638966747,6572.45996458448
"N095136",6545.18829885532,6645.97556728444,6734.95863899951,6819.25050154529,6900.39307781263,6979.54614307565,7058.89146343636,7136.01110619115,7212.57714756632,7290.6951127802,7366.90006973458,7445.20846863649,7521.59407848026
"N095137",7240.00254254607,7289.58666409214,7335.00159719211,7376.08364692895,7415.76605071052,7453.62810115865,7490.0346243839,7525.24407289401,7559.44747747935,7592.79077548824,7625.38844355063,7657.3322474625,7688.69709077083
"N095138",458.483636443169,502.939322613375,520.89589717414,536.195629677338,548.382296217966,585.458172553671,591.388637740454,601.824892563785,611.019850271209,647.103137062947,645.403043495692,618.284831830823,635.216434437595
"N095139",8233.55652820536,8351.49748071557,8446.23044265521,8529.06154956224,8601.24592818616,8668.91167479734,8730.11954685834,8789.24875498437,8846.4569383733,8899.86305175013,8948.29762856968,8997.23195609335,9045.54917304201
"N095140",8552.48652373978,8656.37537971891,8739.90952261736,8811.18058431633,8875.91060498086,8932.53592676377,8988.05378741311,9039.04369630124,9085.75509480227,9134.25348089148,9176.51673905795,9217.6630279434,9259.98935224094
"N095141",12207.6338989512,12344.1848679117,12441.3559611036,12715.6233989761,12822.0772684826,12892.2125532277,12831.0451187436,13439.9587534068,13650.47831201,13940.035530345,13681.6046211905,13774.961747399,13303.7809475227
"N095142",5680.16684622055,5797.61949792252,5890.19141047473,5968.10227621569,6038.43730217988,6101.89149413665,6162.61600174223,6216.40515965581,6269.47239239096,6319.61073057672,6370.56338076698,6416.00645266916,6459.38752434414
"N095143",11463.034868909,11504.670109338,11510.1078324689,11561.6585748189,11658.0099441387,11706.7931051092,11686.3219791624,11684.6666112339,11741.1202601942,11794.1683337985,11763.8084468885,11750.2374029705,11804.8159007486
"N095144",1096.45178356312,1132.39833689353,1162.5862993236,1187.85069930737,1211.87740071151,1234.32326250156,1254.75372606164,1274.10032202432,1293.16007469105,1310.39803199999,1327.97557634522,1343.86439972675,1360.44196971559
"N095145",9594.93021222666,9938.21786237954,10215.5726886271,10464.8820447782,10689.783624982,10903.8432467214,11099.5078092937,11286.5487475135,11466.1702146549,11637.9899277623,11815.5908754498,11973.5461686731,12122.7041810394
"N095146",6826.15914688646,6889.59902174687,6845.65504884834,6900.29342569645,6970.09188364465,6999.8810537599,6969.02418186157,7003.41836018896,7038.28925281459,7073.44191352076,7083.64714374047,7073.13010793773,7113.49252454137
"N095147",147.051582800076,149.801883078314,152.402504837428,155.057374257955,157.403303309386,159.316254208104,161.169060155003,162.813123133451,164.692572469561,166.628924162047,168.880425444862,170.618064387888,171.416458440477
"N095148",256.555370557299,262.327620879364,267.433085842557,271.35544403032,275.771467312919,279.06030364569,283.139325799617,286.0431912631,289.933443077341,292.574057508517,295.084417546532,298.800083878896,301.144015533134
"N095149",4479.11189747769,4506.07480206785,4525.9715922086,4542.69850295103,4557.68648212012,4570.9097369169,4583.27468522795,4595.51700327781,4606.53395642085,4617.92314141758,4628.46720186479,4638.85985689852,4649.14142571201
"N095150",8321.08770014301,8345.60451125272,8368.58979301905,8390.34871124056,8411.09943577729,8431.0042808749,8450.1878378714,8468.74818098548,8488.40428971388,8506.00749345251,8523.18281237081,8539.9753752402,8558.3245042824
"N095151",6363.80046232231,6420.58330934155,6379.80784178817,6432.30370608188,6490.37888426849,6522.13129716748,6482.74931125066,6511.65627991371,6558.73473756959,6602.42242875626,6627.13105011633,6614.08756034956,6648.0219438069
"N095152",8837.219553676,8900.65431800152,8957.01361305886,9010.06621663049,9057.90376397701,9104.68575955441,9149.28220977459,9189.9050824537,9231.00944816257,9270.77084249431,9309.35264001015,9346.88662734267,9383.48097461558
"N095153",3034.62871230065,3059.89372208258,3082.02202263246,3101.02785494441,3118.86800097741,3136.1212196105,3151.46870379733,3165.8528145781,3180.38179823734,3193.26410942719,3206.56797313012,3218.27739175027,3230.61250863355
"N095154",8858.11242903253,8944.07719551369,9010.48903879597,9065.70060822407,9115.48875560378,9161.33648510099,9201.4985612212,9242.95050304493,9278.14275210382,9315.35810701529,9351.70544656531,9382.88457715721,9419.10467560591
"N095155",4701.68935613635,4750.27035567933,4788.20455904668,4821.25707844135,4850.75960650227,4878.67706719439,4903.70534703133,4928.26780402866,4950.42504102635,4972.71655615585,4994.1433940086,5014.8150695595,5033.35918189122
"N095156",5542.92580966135,5582.33091090665,5614.35099551306,5641.59588695324,5666.85402566506,5689.4836381836,5711.54584869206,5732.57875146725,5752.7883462434,5772.32419611319,5791.29889871705,5809.79969859766,5827.89579937236
"N095157",1445.17906996766,1454.28967319549,1461.3455929301,1467.48900285302,1472.97897786707,1477.80712669124,1482.46882501541,1486.85634802383,1491.02079451706,1495.26060374035,1499.09510516378,1502.79309399847,1506.37195281872
"N095158",16821.3366836238,16938.6203871157,17041.7499557772,17134.6310930832,17223.6307390164,17308.7610750005,17391.0014271366,17471.0033845243,17549.2258915083,17626.0063137252,17701.6010442366,17776.2102189582,17853.4417660287
"N095159",9358.90167147884,9387.6208371677,9414.18062183698,9439.83975558648,9463.68649955658,9487.33140719072,9509.46048132592,9531.76822830383,9552.68165851748,9574.02296007158,9594.99199697926,9614.61970577757,9634.93338696797
"N095160",8125.29502048325,8151.98518549936,8176.07638710764,8198.61854732745,8220.6329793461,8241.1088525322,8261.5531442651,8280.65229496842,8300.01330916377,8318.96462654728,8336.66692925576,8354.91338836066,8371.92179336777
"N095161",12216.4557863411,12254.8683636461,12311.2817381738,12360.4356133586,12429.8086301868,12425.9132796855,12461.2582679827,12500.0759916742,12551.1295831676,12546.1739768989,12567.803174396,12608.604573816,12649.6422739469
"N095162",4524.1766075699,4557.33934063245,4582.61655598111,4609.73906110597,4643.35095924433,4667.13301473483,4694.44298187311,4715.29119013089,4742.33292956923,4764.54233719147,4782.06584253544,4799.11049531653,4815.02038515172
"N095163",3839.7715498602,3866.46952412569,3887.26598116658,3904.88106814633,3921.05732075884,3935.29258219815,3948.68563269029,3961.09812799045,3972.35212330844,3983.5887967751,3994.02474229487,4004.46655628485,4013.14726472331
"N095164",25650.0158758837,25840.5434494303,26014.3505096489,26178.5273296069,26340.5784510811,26497.4987388545,26644.2761822812,26793.3425691749,26939.6097588632,27083.5196854756,27218.0348851873,27357.9020679576,27496.2973044297
"N095165",4076.26979096524,4147.74552286074,4211.96342951232,4266.65520651531,4318.23516487851,4361.57421105442,4407.42328101763,4451.58132027648,4494.12488660025,4528.634544998,4568.63359105471,4600.34421087708,4638.48934283043
"N095166",2735.81920218423,2753.50907132577,2787.85698498937,2817.05369975237,2814.20830741328,2817.18513357883,2834.59306072835,2851.87409620511,2852.52168087174,2849.37690548874,2869.22922550378,2910.97274937653,2935.09547701419
"N095167",3132.72991845832,3155.66931060559,3196.62232525047,3220.54280762301,3225.9411236617,3244.73930382352,3262.80536146449,3285.48812533882,3299.24924374068,3310.11358558236,3347.85275307947,3390.21862898583,3423.60395616396
"N095168",3832.85196059459,3975.17175250602,3860.48823579294,3884.37747423554,4070.23615138099,4207.1419333233,4066.84156673617,4073.89848965774,4163.9841385555,4245.73457270256,4161.45779622444,4031.75107404793,3926.59902824447
"N095169",1703.34049045583,1725.33448200024,1742.49090907569,1761.85175651614,1768.800461857,1780.72263419997,1777.06016640451,1779.50607336891,1790.16875718567,1803.28398426884,1820.04639080312,1838.42556624115,1849.00248524695
"N095170",3699.62464138403,3746.7941926704,3784.51214485621,3816.99641027839,3846.88530535198,3874.43077814532,3900.1715598064,3924.46056283861,3948.6811598441,3970.803268215,3992.03433239756,4013.80096387939,4034.98169090272
"N095171",6145.23459475315,6166.03151605317,6175.74866250546,6208.21561675347,6241.67633619764,6257.435642719,6257.24297249225,6277.97345438221,6317.64242473355,6331.90832827334,6328.38950782695,6335.69329762466,6366.84526074538
"N095172",3685.26824207637,3696.00173334449,3688.04547222904,3692.23908992303,3716.57104719367,3726.96411740619,3728.89557851751,3737.50345844322,3758.94980721047,3767.10962609404,3768.55281630682,3760.55500895767,3779.30900510431
"N095173",3667.08663552094,3733.65822740517,3795.72172624281,3846.17653598361,3898.43641558984,3941.72691303114,3985.34710940963,4027.71634966983,4066.40283266883,4104.71574982226,4141.99179319836,4178.43286241753,4214.12369493571
"N095174",2831.26675230555,2846.00623159626,2835.72845077508,2835.68637796184,2858.91659153042,2859.97204344357,2862.30348432242,2865.31584047673,2889.71548265616,2884.83421900828,2878.92050403231,2887.7813428014,2893.82945254493
"N095175",3279.53624214848,3296.87387951037,3290.55185117077,3300.88618160154,3327.14562901378,3340.95020232073,3336.99299482944,3348.33815361062,3359.64653029,3373.99001011099,3376.49118190662,3380.0208449666,3380.20106307571
"N095176",2643.43714186627,2664.82762554848,2684.43656531865,2702.42086130401,2719.14894241876,2734.86316246821,2750.52519573904,2764.71940392515,2779.16402886248,2792.21882985716,2805.73483921632,2817.88638689993,2830.66021044446
"N095177",6951.83223462889,7028.64881268561,7088.96189658702,7118.95852018308,7219.02054546876,7282.44712248782,7371.7363294862,7375.02226590256,7434.69238194622,7496.77793362645,7498.09979958413,7433.61939909411,7450.47245787813
"N095178",1525.61089593317,1539.73161797359,1543.42846025459,1550.60708546643,1560.17573035462,1568.73991861745,1578.68104525469,1581.03228417762,1581.29656495361,1589.42395127774,1595.2342369945,1598.03608328674,1563.26593756799
"N095179",2739.86336411632,2751.15331767979,2761.20126496034,2770.29103564243,2778.58631190716,2785.15057331319,2791.84085322848,2798.78404200684,2804.75973723152,2810.49943593877,2815.3768468039,2821.02342824752,2826.00103327865
"N095180",7352.25407822621,7379.50228609054,7396.21387616659,7432.28071330113,7467.13109641299,7484.71908947401,7488.57176898287,7510.61126440129,7552.5905868806,7568.59875906042,7566.33246861275,7575.59949593839,7608.23229722612
"N095181",8855.99400276694,8880.71705108447,8889.01294026082,8908.322024471,8938.60679745084,8959.00396159125,8971.16472896946,8987.60933716945,9014.49675989443,9032.84521128057,9046.80148844045,9059.73352398928,9075.29682733558
"N095182",1422.38705239449,1475.22916391237,1501.41924232764,1524.12020901102,1547.71488164823,1562.60695057563,1580.63291432838,1598.85707558217,1595.44227489178,1625.06515794488,1637.58792983711,1648.13121045362,1633.89040056038
"N095183",6134.30535627443,6152.00362532996,6158.03841790738,6172.8343322593,6199.93866715563,6212.09603032652,6222.4858647203,6233.8274529732,6257.18003770216,6268.11233015621,6280.43225359552,6289.84254250896,6298.67181599512
"N095184",4627.77731803954,4638.75305558541,4636.82078480811,4642.15445003924,4663.50508301754,4672.84171631484,4677.79726834794,4688.48182798038,4703.06004413642,4714.36294870385,4717.69857657476,4716.19818046273,4733.21155305005
"N095185",4093.81322055673,4108.07009848808,4106.39274759488,4117.13162110715,4137.80079097511,4152.70949017109,4153.10734579012,4162.02157034805,4173.46396774555,4186.20154548754,4192.0017547793,4199.29829040285,4205.92450209392
"N095186",1758.94627519347,1769.85145536689,1776.76282330792,1781.59394683917,1785.73371295109,1790.35890424313,1792.97015231215,1793.87845980434,1794.62536058875,1793.82996720233,1796.67986186127,1798.67674924824,1802.16336929773
"N095187",950.710542103585,963.724717170208,971.266134920907,981.148579617936,990.412559437824,998.864971854032,996.281053485299,1001.39660542912,1006.54701033287,1009.4485675048,999.105500425922,1005.53865053174,1012.9062161701
"N095188",2339.30258063746,2382.00510116849,2404.4013442604,2431.50180136698,2454.49054924818,2475.74732191533,2485.7243747494,2502.07825531439,2519.35373265473,2535.50812160627,2546.52877828381,2557.14573686342,2574.21767235603
"N095189",2160.11374367636,2167.15496573051,2216.02949005876,2226.59290925849,2262.14097404604,2251.28679378614,2227.9107928428,2266.14982520552,2310.3206940117,2305.94005963999,2129.53312044677,2177.68012797203,2219.77048382925
"N095190",474.384080341116,484.133319943511,490.571804243545,498.273382648025,506.725641600362,511.315230405386,510.536644029658,516.702341231621,520.33706270531,522.250066904748,516.809356763021,522.747666965333,526.220774622489
"N095191",7308.31839067628,7569.92492670683,7787.35439614124,7981.25554812116,8159.0886314243,8320.83816411659,8479.8396499892,8629.11155448204,8771.29592009975,8906.23127204102,9035.51322186326,9159.00748301531,9289.51270790082
"N095192",1249.04148895386,1313.4591572569,1339.13532500237,1386.061073746,1385.03145639289,1437.61398860075,1436.77451322464,1485.06685910886,1494.37665435373,1508.91048602991,1538.46242086015,1530.95344097642,1568.53729455139
"N095193",6209.80803074582,6251.98523153768,6246.08038032309,6293.78967306317,6377.45870095678,6402.65999491073,6388.95225293019,6410.10827349814,6440.29585680966,6466.07215188428,6444.71624725417,6448.67202162487,6504.4764130159
"N095194",502.357253721378,510.08272235317,515.828750144721,520.965904422007,524.793013305601,528.585639162312,531.879913616378,534.458709632032,536.818383262278,539.039223254325,541.733919561341,544.020084984738,545.307676206466
"N095195",997.49876045519,1019.7132464906,1037.43170395336,1053.11466630455,1067.13746133707,1079.98655794372,1092.05340460035,1102.86679556094,1113.36445646136,1124.01422241774,1133.84768538314,1143.02473211125,1152.13169221539
"N095196",10002.8675633691,10179.0042218912,10269.1362805977,10425.8558911413,10500.2936360575,10662.6449319732,10730.5131576623,10820.1046125536,10963.1209533131,11054.305755673,11070.553800272,11123.5319692802,11159.6047341152
"N095197",3483.90081830877,3563.12289831154,3612.1930312255,3690.35824707808,3722.70452855614,3829.15255993275,3841.69133243963,3929.41684817474,3968.32226543619,4006.22238028011,4070.22054716454,4098.41316162359,4133.690702578
"N095198",2516.77062422463,2511.38768726686,2562.38771055313,2567.42550506536,2622.82329707939,2617.67826272603,2597.07558350778,2650.61222303202,2694.18805369392,2672.07344866952,2542.76665991976,2608.60517537918,2671.67302573551
"N095199",855.62144536566,893.285757785731,926.419043622982,966.240450445659,1001.8807466837,1043.67052758462,1082.25991468914,1124.91533425378,1166.17986896007,1206.72059390876,1245.8612427317,1287.64707522751,1326.14621372516
"N095200",2239.26614069432,2571.13422397284,2953.20605232377,3353.46419761962,3637.39293167774,3882.84468887838,4094.33094252641,4304.25286553875,4563.25488583402,4935.39936310124,4824.03029403899,4583.46788078859,4620.50269940874
"N095201",1982.83168634509,2020.18303218631,2049.17836270731,2074.17920478061,2097.10006301105,2117.04376392575,2135.54543212626,2153.39000937765,2170.57868844199,2186.50359375616,2202.1700515366,2216.63581595607,2231.11323853231
"N095202",4318.39237132755,4439.90222827159,4492.11763960576,4592.17290495119,4611.22474767192,4715.91160722508,4715.48398634111,4806.57759206463,4830.84724414135,4855.73743191785,4919.20941124996,4925.46097960947,4979.57747444857
"N095203",5855.66125106418,6028.26333366337,6163.73959318184,6279.71387271079,6384.24778786566,6481.35948235204,6570.69904687321,6653.33220768517,6734.51760129579,6811.94366897404,6884.25149518936,6956.54348635309,7027.98942231971
"N095204",7355.41340883376,7400.482707422,7401.74856474889,7383.5272590134,7364.47069935258,7370.1863547347,7387.39657435318,7386.89313446805,7386.52352208723,7393.98773628283,7433.61250224651,7444.212437711,7449.4623832535
"N095205",14681.0763822758,14988.3564171911,15278.4486627739,15569.8478580674,15865.7538845929,16145.6783655797,16419.8572616457,16688.4164311173,16965.5582081208,17238.7659876326,17492.2578148519,17756.689938441,18017.0522707656
"N095206",1195.49196545962,1258.44826735019,1297.35272261329,1316.92168023047,1337.40820904962,1340.35339839033,1373.47873630176,1348.65284344904,1394.20182821188,1447.58190803054,1471.31934455857,1462.05214847306,1520.75110295106
"N095207",12525.4002616513,13157.6419869304,13734.3661809138,14285.8957700824,14823.626386001,15339.3316257946,15854.4945226859,16372.8389295046,16855.0642297618,17346.2022806808,17853.4084218321,18332.7517886758,18811.3189366494
"N095208",33688.6616867717,32098.9058135886,30964.3915383724,32776.3803127078,31363.0070439166,30785.63254318,32674.0253044937,35881.7393109395,39617.8680685956,37973.033923465,35267.1370511124,36454.9648681758,41452.1843574485
"N095209",4436.26816394203,4544.62360449839,4628.55819952953,4702.09214238431,4766.89914708002,4825.20865786092,4880.81952148978,4932.51776803272,4983.69399501486,5029.36098268801,5075.58257693102,5119.81280776418,5162.24902487205
"N095210",9874.70077109076,10137.5573241222,10323.7128094222,10519.3661062922,10548.1785933556,10616.252635127,10690.8468791514,10910.7054059433,10933.8871319867,10966.0275625658,11176.1104834145,11357.1491717364,11275.2598237334
"N095211",20091.4463933193,20696.7898296441,21229.8138002768,21732.3415936586,22205.8147974784,22685.1452245393,23148.2490378469,23607.2406324493,24077.6130970826,24535.5510124386,25009.95111682,25488.6107171058,25972.430155008
"N095212",5972.60831777287,6081.68843958904,6177.17577956357,6265.3432010616,6343.60542312345,6417.95226384876,6485.33353729882,6554.02875516986,6615.76975168043,6680.04117369302,6737.34422148474,6792.61791352693,6851.78304758172
"N095213",3568.30594171622,3683.03456231115,3811.04693764465,3936.88524372736,4066.10554887137,4184.97462258283,4298.6233693004,4408.02870736846,4512.5300330043,4609.23692645639,4717.59523697003,4814.45273447423,4903.32037520307
"N095214",2015.44219570713,2088.62225308533,2148.58723951017,2200.63730732116,2247.85874282065,2292.07537670349,2332.79203735155,2372.14074556101,2409.45583990615,2444.99157501237,2481.2354399807,2513.87606049679,2547.73824814057
"N095215",2425.06556334998,2447.67215809213,2465.75134403789,2481.17756024279,2494.83056033029,2507.17996124778,2518.51230419779,2529.62320415423,2539.47311269688,2549.40393038594,2558.88164244548,2567.96191996934,2575.91999351144
"N095216",3192.61631084164,3214.20066805883,3230.55242587325,3252.80023790232,3258.23929115379,3275.83624157827,3281.18985492741,3296.34941586887,3302.38520235262,3307.22146966607,3313.55305826948,3328.64289192467,3337.94787734111
"N095217",10796.6763322022,10828.8404606899,10879.6801121797,10780.9553520186,10950.6148396049,10970.5667498536,10975.228824636,11001.9803547943,10978.3561941569,10982.4401425898,10985.1859774448,10970.8274124093,11019.1182361638
"N095218",10669.9933744462,10294.1398535969,10275.8156713217,10665.0327720937,10705.0893111395,10731.143684498,10746.3636928257,10761.6036958069,10769.5825831621,10781.2052681755,10785.5335258343,10775.2198942644,10790.4878130728
"N095219",1098.58797755016,1111.96443562828,1119.62238468852,1123.66927919113,1128.97369226381,1123.83027758173,1142.74923306182,1142.36223297411,1141.38169210645,1142.44644100469,1139.2170106369,1140.12916906384,1137.19273515681
"N095220",1848.39655523673,1846.49214150916,1842.99530994992,1843.46282937724,1840.68750571923,1832.37339935817,1855.4805404534,1847.19952868108,1842.66743764224,1834.69565850603,1838.58061664001,1819.58814955862,1807.88034379197
"N095221",8001.75603551198,8157.34572105026,8415.42744052728,8802.90184986143,8836.89060363883,9078.34528092464,9216.04208674705,9613.50487370052,9718.768160989,9920.97435150635,9765.52509051307,9980.32588732274,10034.4240326014
"N095222",8151.14757646678,7967.82597372611,7816.56714993657,8230.53156698179,8545.42059829679,8629.32948562201,8546.05851262037,8597.97353478897,9012.1402862467,9284.40837782545,9222.3627722347,9053.57366927879,9121.37155322012
"N095223",39343.1046706533,43011.7732580525,46332.4346969224,49395.1097871625,52420.5059634673,55266.6077460906,58072.6709387475,60783.951391681,63553.0709663704,66163.2672716685,68903.8206658342,71513.4264347537,74328.5386813339
"N095224",1842.96755432592,1892.72991356254,1942.9649492246,1984.7775055393,2037.74338038807,2143.72455758,2137.03391733817,2466.27979280287,2537.67691532067,2619.07361765923,2631.01558209843,2880.63589937825,3261.23019270629
"N095225",2238.17633554985,2325.06532606819,2351.92278550235,2404.50367675295,2441.03479379105,2644.89757686896,2645.60951547412,2636.40824480868,2723.02359593604,3173.43627718324,3802.66468167389,3399.44848992356,3161.16817725916
"N095226",3077.17444274596,3032.39653845433,2998.91380859366,2994.59684912542,2963.45751619831,3074.4228643151,3085.75460793656,3122.99924929719,3102.26205092063,3241.31149184397,3365.8722852964,3447.00010135089,3490.97399998487
"N095227",1709.82459959125,1820.39987283932,1813.0339722154,1925.11867167727,1910.29069303438,2357.50007565222,2259.91432610573,2251.52418804912,2194.75143678004,2642.3867572656,2959.54529949915,2651.73389303854,2554.48988634369
"N095228",8853.93782936829,8967.40639362026,9288.78532763286,9310.44578472578,9224.57323766195,9418.83855502604,9638.08688764754,10117.2132148407,10093.794785094,10589.5481672766,10400.5285798677,10484.0966613263,10377.4275887522
"N095229",569.222116680516,558.031366688962,556.185557822498,598.311980477683,505.312744889986,624.562706005653,572.741518010185,607.240208735879,568.610709755974,678.817524866951,622.606529873406,637.441661609771,651.549910490352
"N095230",3630.91689660621,3773.59916395113,3826.29461791516,3911.36887976366,3650.37714663187,4907.98537809893,4735.86094982666,4562.80100843354,4392.82587720818,5908.64916542694,7556.97580655657,6564.28391580629,5886.27679127389
"N095231",733.502022324156,789.627705025057,874.506532873157,950.471992608339,1057.10699455968,1227.184415411,1364.88544187309,1464.08180575768,1537.57138083594,1748.21905223992,1916.64981851015,1886.29459242169,1871.03448247577
"N095232",2375.08121973133,2520.70631471131,2647.33102923623,2825.6674409116,2996.91464053776,3463.5783432852,3688.1957280885,3945.12830152342,4197.92674655822,4811.64066893528,5510.20497522515,5872.65175546505,5763.75997507502
"N095233",1276.70931697514,1319.80698994595,1358.76264937682,1433.35483369667,1545.71930301567,1674.85651542882,1747.14495032722,1832.68261049448,1985.65827977297,2244.45991173215,2444.57435479401,2474.9910747219,2422.81666211804
"N095234",2492.00690361992,2575.55163026382,2653.54519449539,2728.23269517107,2755.49598593822,3051.83847067518,3556.33368957598,3784.79703380533,4068.05190510058,4000.00266311265,3980.42596029378,3920.08493918618,4018.08745151044
"N095235",550.268088054761,590.48365423106,629.601781785422,686.184091080068,732.315967777362,809.506729529217,862.861654005549,931.058591415809,997.761081290311,1075.13798353158,1125.03915054148,1140.36071605258,1149.18902589051
"N095236",3980.94014648917,4120.41807492071,4235.74076501324,4384.13135368531,4395.53605451725,4750.1222440283,4986.74212605957,5185.67624628238,5450.38886421633,5770.02615500997,5748.84433552838,5888.25206135896,5880.68891371073
"N095237",1252.37814730731,1337.82959590694,1411.68486289353,1490.74157514255,1553.41649294272,1676.96740904292,1818.37483465584,1923.66280617632,2008.72198282099,2011.23402301353,1995.67508177472,1980.58421446432,1973.27396515981
"N095238",457.391849306495,480.727696687806,504.873516226349,550.47522716949,598.779072908537,694.605205353222,740.821338454498,802.87845859042,898.650310368387,1042.34090696476,1175.64149677724,1171.63040315977,1143.89247491931
"N095239",4666.63027161787,5026.88788780133,5481.16610117626,5852.25710430509,6222.93755422043,6898.62211375613,7325.60115083385,7743.60144154657,8220.90953907125,9345.9401338348,10744.551200394,10694.4395352764,10770.1989793974
"N095240",3028.20792085207,3195.1523661719,3425.19066479063,3561.42390671017,4116.51932581685,4034.69297885081,4123.54638242279,4216.0548448036,4891.73519585193,5408.10833127548,5154.73123589716,4977.21411061041,5007.49726761831
"N095241",1185.26714893728,1217.61164072152,1292.14963796483,1315.53674864518,1466.09472399625,1610.95818652641,1652.73105016701,1617.81565887254,1773.97102392826,2097.51502570915,2108.06208705995,2100.17972988539,2047.86745236165
"N095242",1963.89968994451,2034.19049374424,2088.85346418006,2125.11996139822,2388.49507964793,2374.86827889191,2420.51111109589,2492.79267849395,2998.44760020643,3491.81910064087,3248.54922826964,3129.32776964582,3108.48658806492
"N095243",1622.27107022085,1753.08262482394,2006.29064959308,2285.99803473456,2737.1503612485,3092.55623870225,3377.11519578524,3650.76059363264,4008.32502819875,4404.14877977057,4620.49690875538,4744.64805882376,4848.41035688645
"N095244",896.249301626957,951.052185363558,1017.54422419044,1085.63367810978,1166.45041264436,1267.37549923088,1356.61531084519,1453.4219884912,1554.87340316167,1636.91537229947,1725.45119995221,1780.31301059857,1813.82249323574
"N095245",2736.65137415583,2786.33865865615,2888.29052531105,2941.46484779253,3329.56250688946,3342.91008883568,3413.45624577103,3477.03168067952,3902.60214969022,4453.38678553955,4531.06780396358,4444.63871815085,4469.04469683854
"N095246",1356.19825442568,1393.57147783604,1481.84219111413,1519.16972490267,1826.58111331557,1894.37788834979,1855.51973505736,1827.52592824125,2012.02274430691,2254.50448732974,2411.73880333469,2364.10399679504,2440.84804798781
"N095247",5027.64735267195,5217.17688055959,5497.33245100149,5710.03442196736,6472.15394937753,6794.90914796604,6821.64868882532,6835.88912140903,7545.91545698213,8202.09705446245,7894.60348912513,7697.70591458622,7694.91121814723
"N095248",16414.3127114369,18007.0697207685,18027.6120683336,16870.3997835625,16916.852638436,17599.0714756887,17620.6037918968,17965.8892799403,17992.4891844371,17435.7252082944,17456.6802234373,18073.1252903666,18098.9833904518
"N095249",23179.4936816724,23510.4903304218,23824.129571493,24156.595772652,24481.2465169148,24807.8040379265,25150.9123146123,25496.9024230242,25844.5552418956,26192.6607476649,26540.0690280396,26885.7136685646,27228.6205709131
"N095250",3349.53867277308,3231.35888599741,3329.42527589908,3468.69375358127,3561.75931534516,3311.46314066142,3313.79908543689,3421.43101680844,3537.66296616197,3333.06637232564,3382.81911437014,3556.43150630824,3705.57515098672
"N095251",6814.65151048212,6855.44687399398,6894.03955915063,6932.40914912241,6971.12291694463,7009.13715272286,7048.58725947172,7088.38673145092,7128.43510777919,7168.6309897227,7208.87855875606,7246.99534655264,7286.94324450428
"N095252",8746.23539795325,8894.4439068391,8868.04136110952,8711.34751892626,8700.25760734849,8977.88188610342,9020.47714268268,8869.9063466366,8783.27433385015,9057.80415629498,9073.08200424848,8941.69677397741,8790.40418006663
"N095253",12489.3952835704,12573.8987175348,12580.4383275963,12527.3223379442,12581.8425545293,12712.7943179362,12737.9246703991,12692.5927542342,12679.4154811206,12844.1379142248,12864.1416875677,12845.0454920081,12795.860113359
"N095254",5962.86154641357,5909.78478047996,5966.13775693772,6100.6462335394,6071.0474814148,5962.74406589666,5935.83440075218,6082.65196180529,6080.83171472399,6039.68802664021,6043.24483639914,6165.59304873263,6173.81558978549
"N095255",1941.59261567509,1958.76429731074,1959.88398685485,1962.99462942551,1967.90487453057,1968.50435418448,1961.677355065,1964.01705805459,1987.70511843533,2003.99027222642,2008.08398094219,2012.25000516161,2024.36571923706
"N095256",3145.78276300477,3087.55160009977,3118.65692957037,3273.09046038895,3549.84166462,2098.41357492583,2254.0757098488,2178.38587372097,2467.73949500096,2629.86385764419,2771.00277301406,2844.03848986038,2910.16394510132
"N095257",4148.96878590798,4197.1275417079,4234.69220261345,4268.27648323569,4296.66711549575,4323.30270842985,4349.21381708694,4372.1100823599,4393.40154432269,4413.9543214329,4435.07641471105,4453.63989413813,4471.44471101908
"N095258",2165.76299711605,2182.66598240976,2195.5098622419,2206.68527543035,2216.37538977227,2225.48885511673,2233.67420232115,2241.28658011157,2248.30202773087,2255.45197568047,2261.9354365473,2267.82246735139,2273.82960206003
"N095259",7959.82758572575,8366.76622082051,8725.27113582347,9061.86696407149,9366.76692379668,9654.34700763399,9935.97402830752,10203.9984846692,10472.5478495949,10732.7093333759,10973.2599514043,11230.3230397303,11449.0090946407
"N095260",827.58877338276,742.088628753008,821.046187546362,885.667943320996,959.162945491087,749.7489551794,792.100341938735,792.858959682813,823.888221259996,757.070072200866,846.023989401732,902.144466126184,917.554766675339
"N095261",4834.50624183616,4855.4653622536,4893.25749623952,4943.39289222726,5077.48472276642,5091.76966553858,5112.40611419223,5143.19100793563,5314.41167475708,5154.22881675585,5113.3698751117,4959.32791337511,5045.7980263099
"N095262",4425.27876877217,4438.77678652178,4443.76298526047,4457.07262135437,4483.76553658767,4501.13780337909,4514.85417583647,4532.12405719873,4553.52985295005,4571.87544523517,4587.79438153014,4605.12402036484,4623.5518203701
"N095263",2566.60021237128,2611.95881025768,2665.08933163849,2762.75317252022,2739.1781300992,2762.60594209744,2800.69152162409,2843.97807600058,3003.036790046,3059.57157419617,3096.96216309728,3107.80309290271,3235.98355278224
"N095264",4527.16441625646,4701.01891518478,4821.55694093438,4951.65601119189,5068.47159304507,5140.00266026999,5259.75005796377,5331.78411551321,5416.56732568307,5499.5121388552,5627.65667533692,5713.07420788457,5804.30085766711
"N095265",2361.25482261656,2351.14914761549,2350.92765603931,2366.47996541073,2358.99138864595,2395.05726229945,2437.62831520451,2480.25794501395,2449.45823648919,2458.94092264106,2493.15781657307,2458.53187457976,2475.33546245707
"N095266",2329.1257975746,2373.48315732192,2408.19451262924,2441.26669695229,2468.25816871804,2495.42032337801,2519.73597291499,2542.70292054238,2564.60747803122,2585.60441185707,2607.6069268712,2627.74164049534,2648.01593505191
"N095267",3730.96126356435,4066.67884653669,4150.408309989,4039.8123955959,4376.73868018208,4875.91039057536,4848.5207573692,5063.68061868039,4863.12377748606,4815.36403034383,4779.21573319044,4992.75817076429,5181.86799347021
"N095268",1491.97335000515,1492.86833031358,1501.53631247797,1516.25628255684,1525.39855780733,1544.0872615278,1563.22947533696,1583.56182227478,1581.30285245818,1590.26077748761,1607.80829794532,1602.97368980817,1614.00120252001
"N095269",1431.46375384705,1460.15021237538,1485.1651479431,1507.7700556131,1526.29240193234,1545.12209374656,1562.4408735492,1578.26441017044,1594.29820315864,1612.0290961643,1625.58050675422,1639.7736401754,1653.46345825186
"N095270",8563.04888659058,8810.86473496547,9003.1975394999,9169.66567010168,9317.5305374183,9459.89181441761,9585.24159008078,9706.29160109405,9823.15482323964,9932.16788123128,10033.2464573145,10137.9622028998,10233.6874453417
"N095271",8282.43986264892,8521.41263169624,8708.82198288404,8872.18075800468,9013.85694621199,9149.98900252454,9274.57478502637,9391.89660553287,9502.0826136048,9606.06350454881,9708.26317986325,9810.37348945202,9901.04084603744
"N095272",995.785145918711,1002.57976811119,1007.77587947658,1012.17928438438,1016.18580383598,1019.76051577206,1022.94394673612,1025.95996379033,1028.84901247662,1031.6400033877,1034.36819138704,1036.83175785992,1039.19759553492
"N095273",6588.04711047734,6649.37133838735,6703.45706915972,6753.96806391481,6806.38700992166,6851.25868630913,6896.20216790807,6943.7312589419,6989.40239704537,7034.32103993951,7074.95922431863,7121.88910677194,7162.93310319681
"N095274",867.49463387297,883.539368356994,895.990958265697,906.692084055916,916.525429271499,924.88601648775,933.45787138486,941.266704916499,947.307642984902,954.107683283506,960.886438509071,967.179105422423,973.027184970103
"N095275",9308.16144362409,9535.55827556096,9718.03217393975,9881.95228594618,10023.8484840446,10157.8539203005,10282.0152429135,10397.9094456315,10514.1667965995,10617.50410371,10723.620838471,10817.2166367181,10915.3455702015
"N095276",11611.8551308517,11496.6434416561,11527.7690193658,11581.3533103785,11665.2547772629,11743.0509473874,11779.2812089965,11780.871886988,11701.7428956183,11771.7331876172,11921.8007256781,11984.5237350193,11790.3207115913
"N095277",3483.4971254329,3630.00382441358,3746.5287948178,3848.92807188747,3942.80436007675,4026.77210335069,4106.01432058868,4181.65625660587,4254.47086244275,4325.01464352587,4388.00369566569,4454.90223065099,4520.52554656331
"N095278",1444.61562166602,1443.28247144368,1451.41719263164,1466.32031243957,1474.53384924089,1494.10875902035,1512.77295447986,1533.58025195123,1530.33761099864,1537.97907694679,1556.17282061822,1549.05611178679,1559.71177605195
"N095279",1390.68511651381,1429.2543295069,1461.42488745345,1488.92557373436,1514.91570879578,1538.07811616724,1560.9501851561,1581.72014202474,1601.53099274673,1619.9874107228,1639.64266738182,1656.99370750096,1673.59054728635
"N095280",5463.68724013128,5486.48286545233,5520.82648455193,5548.67304023007,5557.95605085337,5566.79869012517,5589.85365764279,5612.01391657001,5614.54499844815,5631.57059196012,5646.05877016225,5667.82557105135,5676.2696753095
"N095281",1846.25973382472,1907.65804852467,1881.96992636571,1902.46227689604,1913.44301709225,2015.32018109584,1951.04125217752,1877.7440689733,1942.77522389088,2008.06730372579,2041.11492589195,1995.99087145739,2061.69083819557
"N095282",2250.87579711187,2339.24540060088,2416.85458661497,2490.23855460506,2559.51916613073,2625.41019919526,2679.51764571333,2735.11655194989,2784.64191470502,2833.4564406664,2882.02367457144,2925.18967167526,2962.91003935945
"N095283",365.749154787685,380.93422651481,397.368938770705,414.388218994412,432.796762928439,451.043332191146,470.151929850132,489.245894309887,507.798858958688,527.976698820157,546.703166377373,567.084072381389,583.991017398442
"N095284",616.645869556872,636.664917854692,653.454456833319,667.463519609644,680.073877913328,691.716680607268,702.645921834588,713.025718267257,722.969115755923,732.557732827643,740.600344171049,749.592969463074,757.819852076783
"N095285",769.424551441105,800.931876264433,827.004711392173,848.666373228955,868.083961101728,885.75154051115,902.457439789854,919.492310357844,934.226276279571,949.77481705932,965.160029707883,978.330899873484,990.691399974229
"N095286",12510.2851354036,13003.0896552469,13427.6185465196,13817.3053342594,14167.9355417169,14499.5844193962,14819.959693536,15120.1118451537,15418.1169103133,15701.4873053859,15971.3921795826,16247.3886188298,16513.3018030351
"N095287",2307.20596311707,2347.89857916936,2379.79737002357,2406.80338711128,2430.88046527386,2452.72589968857,2473.79499913116,2492.56961991647,2510.81355786814,2528.92618304149,2544.51115004935,2560.95010813285,2576.9068777028
"N095288",8030.62558507408,8126.00260077896,8205.40234984261,8284.65076740138,8344.14977614789,8395.14619220293,8446.38038325484,8500.01818313761,8540.00999975248,8586.62351511129,8628.54567473525,8651.83632778166,8704.59990360569
"N095289",10177.3818554026,10166.2997863005,10218.8720417799,10242.1101263149,10320.4079631973,10403.4948120064,10450.5441252064,10452.935173948,10442.0115083822,10503.5511046985,10493.1612957224,10596.6551640809,10489.7320103014
"N095290",15877.2672031421,15711.6590282422,16028.7289927617,16595.0505364029,16805.3191706693,17025.3529794268,17007.025782881,17323.9938732432,17762.1558146886,18024.363837195,17803.1400684861,17670.1983582765,17780.5769155698
"N095291",9004.55311975522,9234.22374010558,9460.9384653015,9563.69007285114,9677.88686764712,9825.77481442529,9926.35448543451,9952.81311775818,10081.9600272645,10213.6185258858,10315.0991428961,10395.3683074878,10506.3805703551
"N095292",18539.7383092393,19217.0356055984,19735.4969159541,19639.5749505336,19511.2882726012,20340.7702689105,20948.0522288722,20960.2129890764,20828.5863773217,21120.3133970726,21048.9158903796,20731.9074591122,20181.2217257396
"N095293",2876.95437474181,2874.64554767869,2876.01833014461,2877.40905494962,2879.19512874472,2877.42066857581,2875.94430463316,2878.77616081241,2877.91223604253,2875.32622347793,2879.26445977504,2876.41583949478,2877.58964652374
"N095294",1717.26113548643,1685.47791441107,1790.24050986854,1778.5535089725,1777.40050861954,1830.44389883053,1841.71162949699,1839.64965536681,1929.02318830208,1984.76861390873,1978.79892567807,2006.711505815,2024.78742663307
"N095295",3900.05889550435,4146.44615663478,4327.81997579465,4440.07709486103,4535.92095805548,4600.66003038923,4648.62129805855,4686.24958972417,4702.03842456907,4719.54957441713,4740.66868659284,4744.57183463626,4754.67861720498
"N095296",3823.98123449716,3827.76182387286,3821.04849206139,3816.12642358345,3659.4592655355,4766.6376243481,3446.93225401686,3474.33872814109,3943.86178407666,3296.83981404491,2859.25089956185,3425.09306523993,3542.92403897617
"N095297",7199.42869377969,7190.16821836935,7219.62646949223,7233.87694481979,7203.11224319951,7204.73076247962,7207.84073223866,7213.60132395789,7223.95602417684,7205.54722274548,7204.05844040861,7209.84322886206,7224.36088213495
"N095298",3975.6816250313,3987.74095318004,3951.12357356643,3945.06673033261,3962.10884115029,3954.82748265929,3953.28766234247,3940.65562176504,3941.5774151029,3949.24416802918,3965.13104845021,3961.7824727041,3936.85574205131
"N095299",4306.48740262736,4111.3239610448,4110.32641068089,4109.04583636722,4110.44475794862,4112.54778583317,4108.85726755452,4113.65008354159,4111.70486395801,4114.03912932582,4108.90936086475,4108.61903578273,4113.90600933694
"N095300",4195.59037628803,4196.36681114362,4196.56205813253,4196.38281535963,4194.56455895155,4164.01106005397,4164.93055367107,4164.43810817906,4163.60965665754,4162.89431079639,4166.26978555137,4166.99392374573,4163.26166776377
"N095301",2474.24163278964,2475.14590781122,2472.73270220459,2475.31890583545,2475.23024921801,2474.10630013386,2472.80557178416,2472.36143009321,2477.59716778602,2475.0107756695,2472.47572484282,2477.82312559135,2477.31381527296
"N095302",3430.67888350904,3412.16385965328,3391.6692815711,3432.91498906429,3442.46273944827,3429.85471508381,3424.87506495643,3416.80614790494,3431.38636213071,3431.89541195178,3421.68924766061,3418.70908419923,3414.2726028729
"N095303",6047.95651440477,6045.84908388455,6049.92157775098,6060.2334233418,6052.70932246057,6057.71409610714,6053.18206368938,6067.69543677532,6070.60160851791,6059.23845384291,6058.18438620097,6055.31385154889,6064.7441046659
"N095304",3570.87080930499,3570.64778629205,3571.11731142489,3571.54642856946,3567.4552762948,3568.05644947531,3571.49527397279,3568.73343039757,3573.9102796555,3568.23504609066,3571.29996281683,3568.29362155003,3569.66396737726
"N095305",3558.87857509324,3560.57533582255,3560.43760818358,3564.47665017959,3561.05004079946,3384.23476092847,3385.41558265177,3386.00341717894,3386.70914728741,3387.2482153755,3387.75171090932,3388.22143825363,3388.64301446578
"N095306",2306.15464607718,2030.88302291289,1352.88766684453,3440.77473412921,3446.0542567076,2737.52526496936,2866.23726280902,2064.25986073372,2922.57708125873,3715.99065589843,3461.39891618492,1983.34496640936,2364.71535434222
"N095307",6044.38186371191,6039.78565356883,6034.56493770219,6046.72688786805,6050.6044800764,6047.11241892567,6051.7840607215,6045.5778068233,6052.29345554172,6050.63959454528,6047.16609087511,6042.74112751841,6044.84281779084
"N095308",2519.99834094939,2520.703456545,2519.23669760901,2513.43889933962,2527.94309533193,2528.92313327266,2522.3018931006,2526.00216479701,2525.56444016774,2528.76338505392,2527.44750657658,2525.60139595548,2523.22191906037
"N095309",15086.4294923848,15092.9700577867,15094.2249790279,15075.476167578,15096.2993604205,15094.5434267808,15077.7412725285,15081.2163021292,15072.0014888152,15079.2372494785,15091.996672482,15084.8000523961,15083.3640447184
"N095310",5254.44133446131,5156.37753917958,5177.0842143291,5159.73480816813,5144.74623061776,5158.38738422504,5154.90702324341,5163.40890976511,5153.16982155166,5156.64703957316,5158.03939823829,5166.68060784498,5164.33602029003
"N095311",9045.46508875125,9048.02336170273,9049.14166308779,9047.55250225806,9040.37982661767,9047.34905363061,9059.50052650469,9054.08205244015,9056.31654999838,9053.26428648638,9048.63827399295,9056.49617784395,9048.06250136311
"N095312",6281.60762801827,6231.93376645334,6158.89219106651,6198.89438908494,6180.17020114553,6216.12523530642,6215.13734373047,6185.17581475662,6145.07991363062,6179.79968384261,6145.092294439,6162.22259483459,6137.33028196795
"N095313",2020.94388374144,2056.54009022508,2057.10788962807,2068.82799753771,2009.5281495418,1991.20910787992,1992.01572595627,1993.5772581689,2012.00436516368,2106.87119273233,2142.02781502797,2111.62119081137,2130.15699750193
"N095314",8551.50245400457,8559.560124817,8562.45265120621,8544.25766457272,8561.8805525118,8567.70063940001,8551.8106206848,8560.09631494668,8544.90952026635,8561.29659837105,8553.52030856376,8561.84446139991,8543.50818463073
"N095315",6174.92153000111,6178.00097901071,6186.62664488226,6184.43776435414,6161.50341323009,6186.39083084046,6201.72830855802,6182.94749208761,6189.21812709397,6173.92902798374,6191.19337799482,6188.5858752934,6179.46728285117
"N095316",3049.02089783766,3050.34091922662,3050.03398526508,3049.55431265789,3050.36677648896,3049.52085577515,3047.97809267098,3051.28218210055,3047.52425991076,3050.80714444752,3051.72008591489,3048.3362364796,3055.38399966101
"N095317",4269.98575995687,4272.7718799723,4270.19731196884,4270.29063860872,4268.63112323137,4267.02568900357,4261.66700647401,4263.37521592326,4262.1440105886,4259.80525027597,4266.09549595946,4260.29687192951,4264.261702609
"N095318",3894.48618896648,4357.01673162445,4406.85671625925,4766.74995850825,4091.44082512242,4951.08333237286,5446.61131859041,5114.0849441276,5344.08828563307,4870.43881548089,5568.91409238292,5876.87666282829,5810.61149481314
"N095319",4377.18269502639,4389.02434739665,4375.72194749592,4376.6583357854,4378.92234890831,4379.48029607379,4385.80294952836,4384.28838263437,4384.57718058127,4384.51433651534,4386.75909681425,4387.42617040633,4380.37489378757
"N095320",4384.76785576205,4385.29797664117,4381.53200265825,4385.2869060763,4388.46753173542,4384.70366473472,4381.28039948459,4387.75706637181,4384.09234712269,4386.47499108547,4387.25241647407,4387.2943653432,4381.3789727677
"N095321",5759.1498701715,5325.10786296191,2843.24436550279,6975.17347757202,9404.5502736487,8268.68205976188,9289.74726391478,7120.19596100763,8113.01698522057,9446.37176138569,8939.91809133184,6633.72044553634,6975.98813213778
"N095322",3625.88453310062,3624.70083836707,3627.03435379796,3628.230053933,3627.78214090145,3617.83710501468,3620.95508074934,3622.64322428308,3620.95934986026,3618.51217809875,3617.24483302682,3619.26444511531,3620.26072917262
"N095323",4421.65818716878,4420.28257635641,4420.91108236775,4423.48433437322,4419.58544229809,4423.36601464348,4421.13961115708,4422.86015971652,4419.41515428764,4422.95879400442,4422.47344566081,4431.59269109005,4423.41779446928
"N095324",3143.57154748395,3153.55319305635,3150.08630194613,3134.45679204768,3150.49297275774,3167.71220566868,3156.93069168958,3151.69247662515,3149.83010505478,3161.66318730863,3156.7577059573,3153.05983837528,3146.1693673861
"N095325",5314.61472166021,5284.50170012544,5265.51380285815,5347.22811979007,5306.63372976015,5263.57545793126,5272.92847938766,5290.57529962444,5320.65001444848,5277.94839800824,5306.40111891609,5355.60544318751,5318.34534267177
"N095326",5806.13868647274,5804.54114601171,5804.4357520387,5800.62063334333,5813.3020855015,5803.70705839247,5802.09621809061,5803.80193961844,5803.7426700153,5802.34631340585,5807.23788979079,5808.25985390464,5809.33965435815
"N095327",16863.2758110211,16859.9617467478,16867.6972593243,16894.8617242994,16844.3862954229,16819.2468382657,16850.7361917554,16853.797965508,16877.7927450134,16832.7986515454,16838.7541410785,16848.3290244712,16846.6112941748
"N095328",2231.57115065827,2230.89685904036,2227.64603831246,2231.58924244314,2234.68201199665,2230.63877765694,2232.79450227652,2231.0702366269,2232.50241395297,2233.64441556544,2230.67425694918,2231.18100787889,2231.4314801533
"N095329",6872.2958807614,12545.5416662154,11523.3005226013,11259.4360560785,9623.17624069129,11155.2666885705,11527.7803231167,11542.3755965462,11945.0128558321,11660.9617951696,12441.3791125938,8265.79310294153,9911.64022199123
"N095330",3582.32152166527,3582.50342457637,3584.25997276758,3583.10612556087,3585.16972501146,3581.59186114457,3586.01754724699,3585.16766036009,3585.16243328379,3585.41741065595,3586.03026279594,3586.79793096909,3587.69883085672
"N095331",7194.88562241583,7177.83114703368,7199.10848335254,7207.27262891349,7195.25065664791,7194.40501329407,7192.36455202196,7200.10839180681,7200.73984641763,7194.48054631009,7192.45265592098,7184.81655088821,7206.69679617946
"N095332",1932.31635408236,2139.27629235443,2281.05050270254,2435.36119280389,1678.95157619204,2215.65583839766,3167.29493648703,3181.18977950635,2414.39658644599,4614.2393412603,4580.68331331836,5321.55773922728,4115.64252524489
"N095333",4438.85348982861,4439.05481243346,4440.98401172979,4439.21149492026,4438.13180255931,4442.40216552842,4439.27820935925,4441.55945678653,4439.46204265568,4440.25822507697,4441.35243551065,4444.56311173152,4445.77950327519
"N095334",6356.69448008855,6351.82111842818,6330.83880963683,6372.62671821106,6397.6287349277,6374.05644369635,6380.82686549947,6355.53358505452,6385.81793708573,6393.1190612647,6368.54261961761,6355.56371724947,6358.15109590354
"N095335",3241.57609055041,3240.48694888883,3234.78160556785,3242.20849036198,3243.16398978743,3242.93456304668,3243.77263537247,3241.95320159203,3244.46040655359,3239.32586306081,3241.41660857887,3240.78785262309,3236.33394252527
"N095336",2200.53162434859,2206.30817914465,2203.74139194086,2197.80528602847,2206.69967423275,2207.40830021729,2210.23733655894,2205.63641400606,2204.32828875556,2211.17085469702,2211.75951700239,2209.818582878,2205.40420302549
"N095337",2783.48616264142,2783.66081515845,2783.75095316849,2783.71280787204,2783.35927000547,2784.12745565486,2784.66093887563,2784.40836514974,2786.06860272644,2784.37843894289,2784.02073190163,2783.45738163917,2783.90836707842
"N095338",2329.26518584062,2397.41094152044,2473.90479114359,2201.47141551536,1971.96823986876,2238.44489250012,2269.9046589113,2185.15507806725,2157.40524142659,2126.34248421458,2049.17494301011,2184.55152033037,2121.18748878463
"N095339",4927.74101330365,4932.41972647812,4808.98761260413,4840.26391872581,4816.80428143321,4782.42246072482,4777.51005746489,4802.23537120815,4781.18556697593,4778.34966110567,4781.67264155184,4764.51633518513,4771.93696850137
"N095340",7000.34433327971,6996.70655988965,6996.86585357822,6999.95523830879,6996.46053291027,6997.44120780903,7000.61134267511,6998.81050784823,7002.1384802357,6995.83877396466,7000.60347918987,7005.75611042407,6998.57189495581
"N095341",12059.0437686895,12079.6455515063,12085.6982826921,11738.8838522338,11717.4893145444,11737.7905358411,11745.5895049041,11730.4976035025,11741.9956222192,11727.1310985068,11711.1253483625,11746.0481823475,11737.93041177
"N095342",1334.57454224077,1334.38260800437,1334.2277663491,1335.69037586315,1334.53637324948,1335.64326123896,1336.26979577887,1336.25241062964,1335.20770107316,1335.41686163249,1336.86251942737,1338.86542380867,1338.58054468471
"N095343",5061.01301217218,4991.69562034239,4982.89840416574,5009.95886725445,4980.96292329946,4996.1292939802,5017.41371402925,4891.90298036199,4862.02429702838,4883.71299178972,4873.5121884667,4876.21973006739,4874.36646173108
"N095344",7290.92536870651,7294.32350941955,7287.14950767482,7292.47432247121,7291.82400616027,7289.93420688989,7297.09752211765,7288.51946958474,7299.47014465823,7295.33478759907,7263.3245447017,7274.48081618959,7261.69334946263
"N095345",7182.88681626723,7183.3832463162,7182.11280183787,7182.17585426481,7185.03400334603,7189.16348341701,7185.33529950067,7180.60611667942,7188.40395492777,7181.70213791296,4105.5192282456,4992.65823113782,3325.81335757905
"N095346",7068.64276118632,7065.38678186399,7069.81520642176,7067.99942530972,7077.56226120925,7067.61492206341,7063.05714471367,7071.42808825048,6363.72245210925,6364.21391466859,6364.28001231606,6362.82270946606,6360.23555325296
"N095347",4196.43112686596,4198.9843206837,4199.08173697178,4202.34744446208,4197.2745271495,4112.97684185205,4113.63303019516,4082.39839991587,4092.83285223793,4086.55503936066,4078.48021315322,4086.0763708625,4084.02909706469
"N095348",9662.61176455238,9673.77791424314,9662.93927538276,9616.68971491544,9615.2296485517,9583.64806736767,9584.79084527026,9586.05271407521,9580.57411960835,9589.11937875404,9600.54290901291,9591.8541002089,9577.42466820413
"N095349",3452.85779310051,3468.81447731413,3472.22991376279,3482.49382313951,3479.66088392708,3478.75408954234,3491.28431615448,3482.09201356708,3490.6863203597,3481.89953601386,3486.70978192412,3487.93945045708,3503.86404948798
"N095350",6988.5671268708,6994.8516331107,6994.85297048403,6995.6481048137,6993.85735120335,6996.14905251136,6998.85271658602,6988.66843937742,6993.12718934403,6996.24072116819,7002.04243064546,6987.64925059987,7009.05270448449
"N095351",1867.67271086917,1866.75001794065,1867.54524895983,1871.74243741132,1872.2689647465,1870.94809415614,1868.80719516048,1856.6410855109,1851.83701740662,1848.90550658148,1851.7914992425,1851.1292313066,1853.40595699845
"N095352",1566.78125286289,1672.28548108723,1764.12345436311,1842.58935480828,1918.31275764164,1988.71486480359,2052.58089280063,2117.10314761434,2178.40790972124,2243.53132055699,2300.49758587544,2362.75028098651,2416.76479771013
"N095353",3974.6133806348,3969.07240937564,3968.31151982935,3607.22733997019,3601.37454512631,3611.67161015511,3618.68912407424,3609.82339158012,3609.75760510882,3609.38287479176,3611.25018390707,3613.35041692521,3611.62137816587
"N095354",4435.18041718564,4433.1537028865,4437.51245769827,4436.14797181041,4432.56079719524,4433.31019899267,4434.23808942508,4435.73977394136,4436.01422278969,4434.96400262321,4432.01352707813,4434.86225251751,4434.91955764492
"N095355",2715.99142144389,2700.73422624752,2692.5473368853,2673.02981715067,2662.16796594067,2659.5410091051,2648.34164218241,2639.30015588548,2630.13780062848,2622.28984007854,2624.97355514617,2617.67110124317,2611.73384116759
"N095356",7035.26916947511,7033.02478577549,7032.22451413576,7032.964841892,7026.87119205295,7032.92879781746,7034.68565077285,7002.57592869129,7019.34588618508,7020.34175462998,6657.17284572545,6707.7694685845,6644.3368501361
"N095357",3687.85672439002,3686.96750756984,3686.88980972866,3689.27076896933,3689.17367813704,3687.69119981373,3682.45230392225,3687.46517111927,3687.61344875489,3687.66299995389,3687.73182158138,3687.66416072535,3687.46211869677
"N095358",10319.2335956271,10364.3727793501,10345.7613896538,10314.0761101128,10338.5128042987,10328.478806343,10325.0739401818,10314.416292045,10274.429662562,10313.0859491923,10364.4743337988,10293.8869113559,10275.7018913683
"N095359",3511.30330539772,3513.44858883178,3512.33526647805,3511.57434119292,3515.19113889739,3513.23309875402,3512.25534962712,3513.52532027812,3511.23330481574,3510.83195987979,3512.60926742513,3516.162460509,3512.45229218727
